use bodytrue;

drop table user;

create Table USER (				
	USER_NO int not null primary key auto_increment,			
	USER_EMAIL varchar(50),			
	USER_PWD varchar(30),			
	USER_NAME varchar(30) ,			
	USER_SEX char(1),			
	USER_ADDNO varchar(30),			
	USER_ADD1 varchar(50),			
	USER_ADD2 varchar(50),			
	USER_TEL varchar(30),			
	USER_AUTH int not null default 1,			
	USER_BAN boolean not null default 0,					
	USER_SOCIAL int not null default 0			
);	

INSERT INTO  USER VALUES (1,"admin","1234","민승호","M","000-000","강남구","도곡동","010-0000-0000",0,0,0);
INSERT INTO  USER VALUES (2,"eqwe@naver.com","5432","이서윤","F","111-111","서초구","양재동","010-1111-1111",1,0,0);
INSERT INTO  USER VALUES (3,"cchf@gmail.com","1235","강수민","F","222-222","강남구","삼성동","010-2222-2222",1,0,0);
INSERT INTO  USER VALUES (4,"cjeb@gmail.com","8146","박지훈","M","333-333","서초구","개포동","010-3333-3333",1,0,0);
INSERT INTO  USER VALUES (5,"ovbhe@naver.com","2346","윤지아","F","444-444","서초구","양재동","010-4444-4444",1,0,0);
INSERT INTO  USER VALUES (6,"djdbbb@gmail.com","7245","정예은","F","555-555","강남구","삼성동","010-5555-5555",1,0,0);
INSERT INTO  USER VALUES (7,"qwewyet12@naver.com","1363","조현우","M","666-666","서초구","개포동","010-6666-6666",1,0,0);
INSERT INTO  USER VALUES (8,"iiuh98@naver.com","1074","최유진","F","777-777","서초구","양재동","010-7777-7777",1,0,0);
INSERT INTO  USER VALUES (9,"bcnn@naver.com","6185","김태형","M","684-333","강남구","삼성동","010-8888-8888",1,0,0);
INSERT INTO  USER VALUES (10,"vvljhw@naver.com","5538","김재규","M","958-000","서초구","개포동","010-9999-9999",1,0,0);
INSERT INTO  USER VALUES (11,"qweyud@gmail.com","9843","문재철","M","444-352","서초구","개포동","010-1010-1010",1,0,0);

select * from user;


drop table TRAINER;				
create table TRAINER(				
	TR_NO int not null primary key auto_increment,			
	TR_EMAIL varchar(50),			
	TR_PWD varchar(30),			
	TR_NAME varchar(30),			
	TR_SEX char(1),			
	TR_ADDNO varchar(30),			
	TR_ADD1 varchar(50),			
	TR_ADD2 varchar(50),			
	TR_TEL varchar(30),			
	TR_ADMIT int not null default 0,			
	TR_BAN int not null default 0,			
	TR_CNT int not null default 0			
);			

INSERT INTO  TRAINER VALUES (1,"dnjvk@gmail.com","6345","민승호","M","000-000","강남구","도곡동","010-0000-0000",1,0,0);
INSERT INTO  TRAINER VALUES (2,"dnkc220@gmail.com","1445","최지연","F","111-435","서초구","양재동","010-1111-1111",1,0,0);
INSERT INTO  TRAINER VALUES (3,"ckwj@naver.com","8678","김수연","F","222-222","강남구","삼성동","010-2222-2222",1,0,0);
INSERT INTO  TRAINER VALUES (4,"ppkcoj@gmail.com","3455","김태형","M","333-333","서초구","개포동","010-3333-3333",1,0,0);
INSERT INTO  TRAINER VALUES (5,"dlwn233@gmail.com","1244","이지훈","M","497-000","강남구","도곡동","010-4444-4444",1,0,0);
INSERT INTO  TRAINER VALUES (6,"djop990@naver.com","6543","정민기","M","133-111","서초구","양재동","010-5555-5555",1,1,0);
INSERT INTO  TRAINER VALUES (7,"vvfa@naver.com","0786","조현석","M","008-334","강남구","삼성동","010-6666-6666",1,1,0);
INSERT INTO  TRAINER VALUES (8,"oqhdn@naver.com","8856","장만기","M","937-111","서초구","개포동","010-7777-7777",0,0,0);
INSERT INTO  TRAINER VALUES (9,"ppjwnk@gmail.com","3456","윤석민","M","444-123","강남구","도곡동","010-8888-8888",0,0,0);
INSERT INTO  TRAINER VALUES (10,"doiqwnn111@gmail.com","8676","이지헤","F","308-412","서초구","양재동","010-9999-9999",0,0,0);
INSERT INTO  TRAINER VALUES (11,"ddf324@naver.com","6467","박장미","F","987-331","강남구","삼성동","010-1010-1010",0,0,0);
INSERT INTO  TRAINER VALUES (12,"sadi1@naver.com","2076","강대식","M","394-124","서초구","개포동","010-3513-3212",0,0,0);

select * from trainer;


create table PROGRAM(					
	PRO_NO int not null primary key auto_increment,				
	PRO_NAME varchar(50),				
	PRO_ADD1 varchar(50),				
	PRO_COMMENT1 varchar(2000),				
	PRO_COMMENT2 varchar(2000),				
	PRO_COMMENT3 varchar(2000),				
	PRO_TAG int not null,
	PRO_STARTDATE datetime,				
	PRO_ENDDATE datetime,	
	PRO_TR_NO int,				
	PRO_CNT int default 0,				
	FOREIGN KEY(PRO_TR_NO) REFERENCES TRAINER (TR_NO) ON DELETE SET NULL				
);		

INSERT INTO PROGRAM values(1,"체형교정 1번 프로그램","1번프로그램의 주소","1번프로그램의 코멘트1","1번프로그램의 코멘트2"," 1번프로그램의 코멘트3",1,"2024-01-30 09:00:00","2024-08-30 09:00:00",1,0);			
INSERT INTO PROGRAM values(2,"체형교정 2번 프로그램","2번프로그램의 주소","2번프로그램의 코멘트1","2번프로그램의 코멘트2"," 2번프로그램의 코멘트3",1,"2024-03-22 09:00:00","2025-05-12 09:00:00",2,0);			
INSERT INTO PROGRAM values(3,"체형교정 3번 프로그램","3번프로그램의 주소","3번프로그램의 코멘트1","3번프로그램의 코멘트2"," 3번프로그램의 코멘트3",1,"2024-05-10 09:00:00","2024-11-20 09:00:00",3,0);			
INSERT INTO PROGRAM values(4,"체형교정 4번 프로그램","4번프로그램의 주소","4번프로그램의 코멘트1","4번프로그램의 코멘트2"," 4번프로그램의 코멘트3",1,"2024-04-21 09:00:00","2024-12-01 09:00:00",4,0);			
INSERT INTO PROGRAM values(5,"체형교정 5번 프로그램","5번프로그램의 주소","5번프로그램의 코멘트1","5번프로그램의 코멘트2"," 5번프로그램의 코멘트3",1,"2024-04-01 09:00:00","2025-01-30 09:00:00",5,0);			

INSERT INTO PROGRAM values(6,"대회 1번 프로그램","1번프로그램의 주소","1번프로그램의 코멘트1","1번프로그램의 코멘트2"," 1번프로그램의 코멘트3",2,"2024-02-11 09:00:00","2024-07-30 09:00:00",6,0);			
INSERT INTO PROGRAM values(7,"대회 2번 프로그램","2번프로그램의 주소","2번프로그램의 코멘트1","2번프로그램의 코멘트2"," 2번프로그램의 코멘트3",2,"2024-04-04 09:00:00","2024-11-30 09:00:00",7,0);			
INSERT INTO PROGRAM values(8,"대회 3번 프로그램","3번프로그램의 주소","3번프로그램의 코멘트1","3번프로그램의 코멘트2"," 3번프로그램의 코멘트3",2,"2024-05-20 09:00:00","2024-09-30 09:00:00",8,0);			
INSERT INTO PROGRAM values(9,"대회 4번 프로그램","4번프로그램의 주소","4번프로그램의 코멘트1","4번프로그램의 코멘트2"," 4번프로그램의 코멘트3",2,"2024-05-26 09:00:00","2024-12-30 09:00:00",9,0);			
INSERT INTO PROGRAM values(10,"대회 5번 프로그램","5번프로그램의 주소","5번프로그램의 코멘트1","5번프로그램의 코멘트2"," 5번프로그램의 코멘트3",2,"2024-07-12 09:00:00","2024-08-12 09:00:00",10,0);			

INSERT INTO PROGRAM values(11,"체력증진 1번 프로그램","1번프로그램의 주소","1번프로그램의 코멘트1","1번프로그램의 코멘트2"," 1번프로그램의 코멘트3",3,"2024-01-30 09:00:00","2024-07-30 09:00:00",11,0);			
INSERT INTO PROGRAM values(12,"체력증진 2번 프로그램","2번프로그램의 주소","2번프로그램의 코멘트1","2번프로그램의 코멘트2"," 2번프로그램의 코멘트3",3,"2024-05-10 09:00:00","2024-09-12 09:00:00",12,0);			
INSERT INTO PROGRAM values(13,"체력증진 3번 프로그램","3번프로그램의 주소","3번프로그램의 코멘트1","3번프로그램의 코멘트2"," 3번프로그램의 코멘트3",3,"2024-06-20 09:00:00","2024-08-11 09:00:00",2,0);			
INSERT INTO PROGRAM values(14,"체력증진 4번 프로그램","4번프로그램의 주소","4번프로그램의 코멘트1","4번프로그램의 코멘트2"," 4번프로그램의 코멘트3",3,"2024-07-10 09:00:00","2024-12-31 09:00:00",5,0);			
INSERT INTO PROGRAM values(15,"체력증진 5번 프로그램","5번프로그램의 주소","5번프로그램의 코멘트1","5번프로그램의 코멘트2"," 5번프로그램의 코멘트3",3,"2024-02-12 09:00:00","2024-09-09 09:00:00",7,0);			

INSERT INTO PROGRAM values(16,"홈트레이닝 1번 프로그램","1번프로그램의 주소","1번프로그램의 코멘트1","1번프로그램의 코멘트2"," 1번프로그램의 코멘트3",4,"2024-01-01 09:00:00","2024-12-10 09:00:00",8,0);			
INSERT INTO PROGRAM values(17,"홈트레이닝 2번 프로그램","2번프로그램의 주소","2번프로그램의 코멘트1","2번프로그램의 코멘트2"," 2번프로그램의 코멘트3",4,"2024-02-12 09:00:00","2024-08-30 09:00:00",1,0);			
INSERT INTO PROGRAM values(18,"홈트레이닝 3번 프로그램","3번프로그램의 주소","3번프로그램의 코멘트1","3번프로그램의 코멘트2"," 3번프로그램의 코멘트3",4,"2024-01-30 09:00:00","2024-11-19 09:00:00",9,0);			
INSERT INTO PROGRAM values(19,"홈트레이닝 4번 프로그램","4번프로그램의 주소","4번프로그램의 코멘트1","4번프로그램의 코멘트2"," 4번프로그램의 코멘트3",4,"2024-01-14 09:00:00","2024-08-22 09:00:00",10,0);			
INSERT INTO PROGRAM values(20,"홈트레이닝 5번 프로그램","5번프로그램의 주소","5번프로그램의 코멘트1","5번프로그램의 코멘트2"," 5번프로그램의 코멘트3",4,"2024-05-11 09:00:00","2024-10-30 09:00:00",12,0);			

INSERT INTO PROGRAM values(21,"다이어트 1번 프로그램","1번프로그램의 주소","1번프로그램의 코멘트1","1번프로그램의 코멘트2"," 1번프로그램의 코멘트3",0,"2024-01-27 09:00:00","2024-10-30 09:00:00",5,0);			
INSERT INTO PROGRAM values(22,"다이어트 2번 프로그램","2번프로그램의 주소","2번프로그램의 코멘트1","2번프로그램의 코멘트2"," 2번프로그램의 코멘트3",0,"2024-05-17 09:00:00","2024-11-30 09:00:00",4,0);			
INSERT INTO PROGRAM values(23,"다이어트 3번 프로그램","3번프로그램의 주소","3번프로그램의 코멘트1","3번프로그램의 코멘트2"," 2번프로그램의 코멘트3",0,"2024-04-19 09:00:00","2024-09-09 09:00:00",7,0);			
INSERT INTO PROGRAM values(24,"다이어트 4번 프로그램","4번프로그램의 주소","4번프로그램의 코멘트1","4번프로그램의 코멘트2"," 3번프로그램의 코멘트3",0,"2024-02-10 09:00:00","2024-09-26 09:00:00",9,0);			
INSERT INTO PROGRAM values(25,"다이어트 5번 프로그램","5번프로그램의 주소","5번프로그램의 코멘트1","5번프로그램의 코멘트2"," 4번프로그램의 코멘트3",0,"2024-02-02 09:00:00","2024-08-13 09:00:00",10,0);			


select * from program;

create table PLIKE(					
	PLIKE_DATE datetime default current_timestamp,				
	PLIKE_USER_NO int,				
	PLIKE_PRO_NO int,			
	FOREIGN KEY(PLIKE_USER_NO) REFERENCES USER (USER_NO) ON DELETE SET NULL,				
	FOREIGN KEY(PLIKE_PRO_NO) REFERENCES PROGRAM (PRO_NO) ON DELETE SET NULL				
);		

drop table review;
create table REVIEW(					
	RE_NO int primary key not null auto_increment,				
	RE_COMMENT varchar(2000),			
	RE_DATE datetime default current_timestamp,				
	RE_USER_NO int,				
	RE_PRO_NO int,				
	RE_TR_NO int,				
	RE_RATE int,				
	DEL_YN boolean default 0 not null,				
	FOREIGN KEY(RE_USER_NO) REFERENCES USER (USER_NO) ON DELETE SET NULL,				
	FOREIGN KEY(RE_PRO_NO) REFERENCES PROGRAM (PRO_NO) ON DELETE SET NULL,				
	FOREIGN KEY(RE_TR_NO) REFERENCES TRAINER (TR_NO) ON DELETE SET NULL				
);	

INSERT INTO REVIEW (RE_COMMENT,RE_USER_NO,RE_PRO_NO,RE_TR_NO,RE_RATE)values("2번 회원의 1번프로그램의 리뷰입니다.",2,1,1,5);
INSERT INTO REVIEW (RE_COMMENT,RE_USER_NO,RE_PRO_NO,RE_TR_NO,RE_RATE)values("2번 회원의 2번프로그램의 리뷰입니다.",2,2,2,4);
INSERT INTO REVIEW (RE_COMMENT,RE_USER_NO,RE_PRO_NO,RE_TR_NO,RE_RATE)values("2번 회원의 3번프로그램의 리뷰입니다.",2,3,3,3);
INSERT INTO REVIEW (RE_COMMENT,RE_USER_NO,RE_PRO_NO,RE_TR_NO,RE_RATE)values("3번 회원의 4번프로그램의 리뷰입니다.",3,4,4,2);
INSERT INTO REVIEW (RE_COMMENT,RE_USER_NO,RE_PRO_NO,RE_TR_NO,RE_RATE)values("3번 회원의 5번프로그램의 리뷰입니다.",3,5,5,1);
INSERT INTO REVIEW (RE_COMMENT,RE_USER_NO,RE_PRO_NO,RE_TR_NO,RE_RATE)values("3번 회원의 6번프로그램의 리뷰입니다.",3,6,6,4);
INSERT INTO REVIEW (RE_COMMENT,RE_USER_NO,RE_PRO_NO,RE_TR_NO,RE_RATE)values("4번 회원의 7번프로그램의 리뷰입니다.",4,7,7,4);
INSERT INTO REVIEW (RE_COMMENT,RE_USER_NO,RE_PRO_NO,RE_TR_NO,RE_RATE)values("4번 회원의 8번프로그램의 리뷰입니다.",4,8,8,2);
INSERT INTO REVIEW (RE_COMMENT,RE_USER_NO,RE_PRO_NO,RE_TR_NO,RE_RATE)values("4번 회원의 9번프로그램의 리뷰입니다.",4,9,9,3);
INSERT INTO REVIEW (RE_COMMENT,RE_USER_NO,RE_PRO_NO,RE_TR_NO,RE_RATE)values("5번 회원의 10번프로그램의 리뷰입니다.",5,10,10,1);
INSERT INTO REVIEW (RE_COMMENT,RE_USER_NO,RE_PRO_NO,RE_TR_NO,RE_RATE)values("5번 회원의 11번프로그램의 리뷰입니다.",5,11,11,1);
INSERT INTO REVIEW (RE_COMMENT,RE_USER_NO,RE_PRO_NO,RE_TR_NO,RE_RATE)values("5번 회원의 12번프로그램의 리뷰입니다.",5,12,12,5);
INSERT INTO REVIEW (RE_COMMENT,RE_USER_NO,RE_PRO_NO,RE_TR_NO,RE_RATE)values("6번 회원의 13번프로그램의 리뷰입니다.",6,13,2,3);
INSERT INTO REVIEW (RE_COMMENT,RE_USER_NO,RE_PRO_NO,RE_TR_NO,RE_RATE)values("6번 회원의 14번프로그램의 리뷰입니다.",6,14,5,5);
INSERT INTO REVIEW (RE_COMMENT,RE_USER_NO,RE_PRO_NO,RE_TR_NO,RE_RATE)values("6번 회원의 15번프로그램의 리뷰입니다.",6,15,7,4);
INSERT INTO REVIEW (RE_COMMENT,RE_USER_NO,RE_PRO_NO,RE_TR_NO,RE_RATE)values("7번 회원의 16번프로그램의 리뷰입니다.",7,16,8,3);
INSERT INTO REVIEW (RE_COMMENT,RE_USER_NO,RE_PRO_NO,RE_TR_NO,RE_RATE)values("7번 회원의 17번프로그램의 리뷰입니다.",7,17,1,1);
INSERT INTO REVIEW (RE_COMMENT,RE_USER_NO,RE_PRO_NO,RE_TR_NO,RE_RATE)values("7번 회원의 18번프로그램의 리뷰입니다.",7,18,9,5);
INSERT INTO REVIEW (RE_COMMENT,RE_USER_NO,RE_PRO_NO,RE_TR_NO,RE_RATE)values("8번 회원의 19번프로그램의 리뷰입니다.",8,19,10,5);
INSERT INTO REVIEW (RE_COMMENT,RE_USER_NO,RE_PRO_NO,RE_TR_NO,RE_RATE)values("8번 회원의 20번프로그램의 리뷰입니다.",8,20,12,4);
INSERT INTO REVIEW (RE_COMMENT,RE_USER_NO,RE_PRO_NO,RE_TR_NO,RE_RATE)values("8번 회원의 21번프로그램의 리뷰입니다.",8,21,5,5);
INSERT INTO REVIEW (RE_COMMENT,RE_USER_NO,RE_PRO_NO,RE_TR_NO,RE_RATE)values("9번 회원의 22번프로그램의 리뷰입니다.",9,22,4,3);
INSERT INTO REVIEW (RE_COMMENT,RE_USER_NO,RE_PRO_NO,RE_TR_NO,RE_RATE)values("10번 회원의 23번프로그램의 리뷰입니다.",10,23,7,5);
INSERT INTO REVIEW (RE_COMMENT,RE_USER_NO,RE_PRO_NO,RE_TR_NO,RE_RATE)values("11번 회원의 24번프로그램의 리뷰입니다.",11,24,9,2);
INSERT INTO REVIEW (RE_COMMENT,RE_USER_NO,RE_PRO_NO,RE_TR_NO,RE_RATE)values("11번 회원의 25번프로그램의 리뷰입니다.",11,25,10,1);

select * from review;

create table CALENDAR(					
	CAL_DATE datetime DEFAULT CURRENT_TIMESTAMP,				
	CAL_STARTDATE datetime,				
	CAL_ENDDATE datetime,				
	CAL_PRO_NO int,				
	CAL_TR_NO int,				
	CAL_USER_NO int,				
	FOREIGN KEY(CAL_PRO_NO) REFERENCES PROGRAM (PRO_NO) ON DELETE SET NULL,				
	FOREIGN KEY(CAL_TR_NO) REFERENCES TRAINER (TR_NO) ON DELETE SET NULL,				
	FOREIGN KEY(CAL_USER_NO) REFERENCES USER (USER_NO) ON DELETE SET NULL			
);	

CREATE TABLE IMG (
IMG_TYPE INT NOT NULL,
IMG_NO INT NOT NULL PRIMARY KEY AUTO_INCREMENT,
IMG_PATH VARCHAR(100),
IMG_USER_NO INT,
IMG_TR_NO INT,
IMG_PRO_NO INT,
IMG_RE_NO INT,
FOREIGN KEY (IMG_USER_NO) REFERENCES USER (USER_NO) ON DELETE SET NULL,
FOREIGN KEY (IMG_TR_NO) REFERENCES TRAINER (TR_NO) ON DELETE SET NULL,
FOREIGN KEY (IMG_RE_NO) REFERENCES REVIEW (RE_NO) ON DELETE SET NULL,
FOREIGN KEY (IMG_PRO_NO) REFERENCES PROGRAM (PRO_NO) ON DELETE SET NULL
);

INSERT INTO IMG (IMG_USER_NO,IMG_TYPE,IMG_PATH) VALUES(1,0,"noimg.png");
INSERT INTO IMG (IMG_USER_NO,IMG_TYPE,IMG_PATH) VALUES(2,0,"noimg.png");
INSERT INTO IMG (IMG_USER_NO,IMG_TYPE,IMG_PATH) VALUES(3,0,"noimg.png");
INSERT INTO IMG (IMG_USER_NO,IMG_TYPE,IMG_PATH) VALUES(4,0,"noimg.png");
INSERT INTO IMG (IMG_USER_NO,IMG_TYPE,IMG_PATH) VALUES(5,0,"noimg.png");
INSERT INTO IMG (IMG_USER_NO,IMG_TYPE,IMG_PATH) VALUES(6,0,"noimg.png");
INSERT INTO IMG (IMG_USER_NO,IMG_TYPE,IMG_PATH) VALUES(7,0,"noimg.png");
INSERT INTO IMG (IMG_USER_NO,IMG_TYPE,IMG_PATH) VALUES(8,0,"noimg.png");
INSERT INTO IMG (IMG_USER_NO,IMG_TYPE,IMG_PATH) VALUES(9,0,"noimg.png");
INSERT INTO IMG (IMG_USER_NO,IMG_TYPE,IMG_PATH) VALUES(10,0,"noimg.png");
INSERT INTO IMG (IMG_USER_NO,IMG_TYPE,IMG_PATH) VALUES(11,0,"noimg.png");

INSERT INTO IMG (IMG_TR_NO,IMG_TYPE,IMG_PATH) VALUES(1,0,"noimg.png");
INSERT INTO IMG (IMG_TR_NO,IMG_TYPE,IMG_PATH) VALUES(2,0,"noimg.png");
INSERT INTO IMG (IMG_TR_NO,IMG_TYPE,IMG_PATH) VALUES(3,0,"noimg.png");
INSERT INTO IMG (IMG_TR_NO,IMG_TYPE,IMG_PATH) VALUES(4,0,"noimg.png");
INSERT INTO IMG (IMG_TR_NO,IMG_TYPE,IMG_PATH) VALUES(5,0,"noimg.png");
INSERT INTO IMG (IMG_TR_NO,IMG_TYPE,IMG_PATH) VALUES(6,0,"noimg.png");
INSERT INTO IMG (IMG_TR_NO,IMG_TYPE,IMG_PATH) VALUES(7,0,"noimg.png");
INSERT INTO IMG (IMG_TR_NO,IMG_TYPE,IMG_PATH) VALUES(8,0,"noimg.png");
INSERT INTO IMG (IMG_TR_NO,IMG_TYPE,IMG_PATH) VALUES(9,0,"noimg.png");
INSERT INTO IMG (IMG_TR_NO,IMG_TYPE,IMG_PATH) VALUES(10,0,"noimg.png");
INSERT INTO IMG (IMG_TR_NO,IMG_TYPE,IMG_PATH) VALUES(11,0,"noimg.png");
INSERT INTO IMG (IMG_TR_NO,IMG_TYPE,IMG_PATH) VALUES(12,0,"noimg.png");

INSERT INTO IMG (IMG_RE_NO,IMG_TYPE,IMG_PATH) VALUES(1,0,"1-0.jpg");
INSERT INTO IMG (IMG_RE_NO,IMG_TYPE,IMG_PATH) VALUES(2,0,"2-0.jpg");
INSERT INTO IMG (IMG_RE_NO,IMG_TYPE,IMG_PATH) VALUES(3,0,"3-0.jpg");
INSERT INTO IMG (IMG_RE_NO,IMG_TYPE,IMG_PATH) VALUES(4,0,"4-0.jpg");
INSERT INTO IMG (IMG_RE_NO,IMG_TYPE,IMG_PATH) VALUES(5,0,"5-0.jpg");
INSERT INTO IMG (IMG_RE_NO,IMG_TYPE,IMG_PATH) VALUES(6,0,"6-0.jpg");
INSERT INTO IMG (IMG_RE_NO,IMG_TYPE,IMG_PATH) VALUES(7,0,"7-0.jpg");
INSERT INTO IMG (IMG_RE_NO,IMG_TYPE,IMG_PATH) VALUES(8,0,"8-0.jpg");
INSERT INTO IMG (IMG_RE_NO,IMG_TYPE,IMG_PATH) VALUES(9,0,"9-0.jpg");
INSERT INTO IMG (IMG_RE_NO,IMG_TYPE,IMG_PATH) VALUES(10,0,"10-0.jpg");
INSERT INTO IMG (IMG_RE_NO,IMG_TYPE,IMG_PATH) VALUES(11,0,"11-0.jpg");
INSERT INTO IMG (IMG_RE_NO,IMG_TYPE,IMG_PATH) VALUES(12,0,"12-0.jpg");
INSERT INTO IMG (IMG_RE_NO,IMG_TYPE,IMG_PATH) VALUES(13,0,"13-0.jpg");
INSERT INTO IMG (IMG_RE_NO,IMG_TYPE,IMG_PATH) VALUES(14,0,"14-0.jpg");
INSERT INTO IMG (IMG_RE_NO,IMG_TYPE,IMG_PATH) VALUES(15,0,"15-0.jpg");
INSERT INTO IMG (IMG_RE_NO,IMG_TYPE,IMG_PATH) VALUES(16,0,"16-0.jpg");
INSERT INTO IMG (IMG_RE_NO,IMG_TYPE,IMG_PATH) VALUES(17,0,"17-0.jpg");
INSERT INTO IMG (IMG_RE_NO,IMG_TYPE,IMG_PATH) VALUES(18,0,"18-0.jpg");
INSERT INTO IMG (IMG_RE_NO,IMG_TYPE,IMG_PATH) VALUES(19,0,"19-0.jpg");
INSERT INTO IMG (IMG_RE_NO,IMG_TYPE,IMG_PATH) VALUES(20,0,"20-0.jpg");
INSERT INTO IMG (IMG_RE_NO,IMG_TYPE,IMG_PATH) VALUES(21,0,"21-0.jpg");
INSERT INTO IMG (IMG_RE_NO,IMG_TYPE,IMG_PATH) VALUES(22,0,"22-0.jpg");
INSERT INTO IMG (IMG_RE_NO,IMG_TYPE,IMG_PATH) VALUES(23,0,"23-0.jpg");
INSERT INTO IMG (IMG_RE_NO,IMG_TYPE,IMG_PATH) VALUES(24,0,"24-0.jpg");
INSERT INTO IMG (IMG_RE_NO,IMG_TYPE,IMG_PATH) VALUES(25,0,"25-0.jpg");

INSERT INTO IMG (IMG_PRO_NO,IMG_TYPE,IMG_PATH) VALUES(1,0,"1-0.jpg");
INSERT INTO IMG (IMG_PRO_NO,IMG_TYPE,IMG_PATH) VALUES(1,1,"1-1.jpg");
INSERT INTO IMG (IMG_PRO_NO,IMG_TYPE,IMG_PATH) VALUES(1,2,"1-2.jpg");
INSERT INTO IMG (IMG_PRO_NO,IMG_TYPE,IMG_PATH) VALUES(1,3,"1-3.jpg");
INSERT INTO IMG (IMG_PRO_NO,IMG_TYPE,IMG_PATH) VALUES(2,0,"2-0.jpg");
INSERT INTO IMG (IMG_PRO_NO,IMG_TYPE,IMG_PATH) VALUES(2,1,"2-1.jpg");
INSERT INTO IMG (IMG_PRO_NO,IMG_TYPE,IMG_PATH) VALUES(2,2,"2-2.jpg");
INSERT INTO IMG (IMG_PRO_NO,IMG_TYPE,IMG_PATH) VALUES(2,3,"2-3.jpg");
INSERT INTO IMG (IMG_PRO_NO,IMG_TYPE,IMG_PATH) VALUES(3,0,"3-0.jpg");
INSERT INTO IMG (IMG_PRO_NO,IMG_TYPE,IMG_PATH) VALUES(3,1,"3-1.jpg");
INSERT INTO IMG (IMG_PRO_NO,IMG_TYPE,IMG_PATH) VALUES(3,2,"3-2.jpg");
INSERT INTO IMG (IMG_PRO_NO,IMG_TYPE,IMG_PATH) VALUES(3,3,"3-3.jpg");
INSERT INTO IMG (IMG_PRO_NO,IMG_TYPE,IMG_PATH) VALUES(4,0,"4-0.jpg");
INSERT INTO IMG (IMG_PRO_NO,IMG_TYPE,IMG_PATH) VALUES(4,1,"4-1.jpg");
INSERT INTO IMG (IMG_PRO_NO,IMG_TYPE,IMG_PATH) VALUES(4,2,"4-2.jpg");
INSERT INTO IMG (IMG_PRO_NO,IMG_TYPE,IMG_PATH) VALUES(4,3,"4-3.jpg");
INSERT INTO IMG (IMG_PRO_NO,IMG_TYPE,IMG_PATH) VALUES(5,0,"5-0.jpg");
INSERT INTO IMG (IMG_PRO_NO,IMG_TYPE,IMG_PATH) VALUES(5,1,"5-1.jpg");
INSERT INTO IMG (IMG_PRO_NO,IMG_TYPE,IMG_PATH) VALUES(5,2,"5-2.jpg");
INSERT INTO IMG (IMG_PRO_NO,IMG_TYPE,IMG_PATH) VALUES(5,3,"5-3.jpg");
INSERT INTO IMG (IMG_PRO_NO,IMG_TYPE,IMG_PATH) VALUES(6,0,"6-0.jpg");
INSERT INTO IMG (IMG_PRO_NO,IMG_TYPE,IMG_PATH) VALUES(6,1,"6-1.jpg");
INSERT INTO IMG (IMG_PRO_NO,IMG_TYPE,IMG_PATH) VALUES(6,2,"6-2.jpg");
INSERT INTO IMG (IMG_PRO_NO,IMG_TYPE,IMG_PATH) VALUES(6,3,"6-3.jpg");
INSERT INTO IMG (IMG_PRO_NO,IMG_TYPE,IMG_PATH) VALUES(7,0,"7-0.jpg");
INSERT INTO IMG (IMG_PRO_NO,IMG_TYPE,IMG_PATH) VALUES(7,1,"7-1.jpg");
INSERT INTO IMG (IMG_PRO_NO,IMG_TYPE,IMG_PATH) VALUES(7,2,"7-2.jpg");
INSERT INTO IMG (IMG_PRO_NO,IMG_TYPE,IMG_PATH) VALUES(7,3,"7-3.jpg");
INSERT INTO IMG (IMG_PRO_NO,IMG_TYPE,IMG_PATH) VALUES(8,0,"8-0.jpg");
INSERT INTO IMG (IMG_PRO_NO,IMG_TYPE,IMG_PATH) VALUES(8,1,"8-1.jpg");
INSERT INTO IMG (IMG_PRO_NO,IMG_TYPE,IMG_PATH) VALUES(8,2,"8-2.jpg");
INSERT INTO IMG (IMG_PRO_NO,IMG_TYPE,IMG_PATH) VALUES(8,3,"8-3.jpg");
INSERT INTO IMG (IMG_PRO_NO,IMG_TYPE,IMG_PATH) VALUES(9,0,"9-0.jpg");
INSERT INTO IMG (IMG_PRO_NO,IMG_TYPE,IMG_PATH) VALUES(9,1,"9-1.jpg");
INSERT INTO IMG (IMG_PRO_NO,IMG_TYPE,IMG_PATH) VALUES(9,2,"9-2.jpg");
INSERT INTO IMG (IMG_PRO_NO,IMG_TYPE,IMG_PATH) VALUES(9,3,"9-3.jpg");
INSERT INTO IMG (IMG_PRO_NO,IMG_TYPE,IMG_PATH) VALUES(10,0,"10-0.jpg");
INSERT INTO IMG (IMG_PRO_NO,IMG_TYPE,IMG_PATH) VALUES(10,1,"10-1.jpg");
INSERT INTO IMG (IMG_PRO_NO,IMG_TYPE,IMG_PATH) VALUES(10,2,"10-2.jpg");
INSERT INTO IMG (IMG_PRO_NO,IMG_TYPE,IMG_PATH) VALUES(10,3,"10-3.jpg");
INSERT INTO IMG (IMG_PRO_NO,IMG_TYPE,IMG_PATH) VALUES(11,0,"11-0.jpg");
INSERT INTO IMG (IMG_PRO_NO,IMG_TYPE,IMG_PATH) VALUES(11,1,"11-1.jpg");
INSERT INTO IMG (IMG_PRO_NO,IMG_TYPE,IMG_PATH) VALUES(11,2,"11-2.jpg");
INSERT INTO IMG (IMG_PRO_NO,IMG_TYPE,IMG_PATH) VALUES(11,3,"11-3.jpg");
INSERT INTO IMG (IMG_PRO_NO,IMG_TYPE,IMG_PATH) VALUES(12,0,"12-0.jpg");
INSERT INTO IMG (IMG_PRO_NO,IMG_TYPE,IMG_PATH) VALUES(12,1,"12-1.jpg");
INSERT INTO IMG (IMG_PRO_NO,IMG_TYPE,IMG_PATH) VALUES(12,2,"12-2.jpg");
INSERT INTO IMG (IMG_PRO_NO,IMG_TYPE,IMG_PATH) VALUES(12,3,"12-3.jpg");
INSERT INTO IMG (IMG_PRO_NO,IMG_TYPE,IMG_PATH) VALUES(13,0,"13-0.jpg");
INSERT INTO IMG (IMG_PRO_NO,IMG_TYPE,IMG_PATH) VALUES(13,1,"13-1.jpg");
INSERT INTO IMG (IMG_PRO_NO,IMG_TYPE,IMG_PATH) VALUES(13,2,"13-2.jpg");
INSERT INTO IMG (IMG_PRO_NO,IMG_TYPE,IMG_PATH) VALUES(13,3,"13-3.jpg");
INSERT INTO IMG (IMG_PRO_NO,IMG_TYPE,IMG_PATH) VALUES(14,0,"14-0.jpg");
INSERT INTO IMG (IMG_PRO_NO,IMG_TYPE,IMG_PATH) VALUES(14,1,"14-1.jpg");
INSERT INTO IMG (IMG_PRO_NO,IMG_TYPE,IMG_PATH) VALUES(14,2,"14-2.jpg");
INSERT INTO IMG (IMG_PRO_NO,IMG_TYPE,IMG_PATH) VALUES(14,3,"14-3.jpg");
INSERT INTO IMG (IMG_PRO_NO,IMG_TYPE,IMG_PATH) VALUES(15,0,"15-0.jpg");
INSERT INTO IMG (IMG_PRO_NO,IMG_TYPE,IMG_PATH) VALUES(15,1,"15-1.jpg");
INSERT INTO IMG (IMG_PRO_NO,IMG_TYPE,IMG_PATH) VALUES(15,2,"15-2.jpg");
INSERT INTO IMG (IMG_PRO_NO,IMG_TYPE,IMG_PATH) VALUES(15,3,"15-3.jpg");
INSERT INTO IMG (IMG_PRO_NO,IMG_TYPE,IMG_PATH) VALUES(16,0,"16-0.jpg");
INSERT INTO IMG (IMG_PRO_NO,IMG_TYPE,IMG_PATH) VALUES(16,1,"16-1.jpg");
INSERT INTO IMG (IMG_PRO_NO,IMG_TYPE,IMG_PATH) VALUES(16,2,"16-2.jpg");
INSERT INTO IMG (IMG_PRO_NO,IMG_TYPE,IMG_PATH) VALUES(16,3,"16-3.jpg");
INSERT INTO IMG (IMG_PRO_NO,IMG_TYPE,IMG_PATH) VALUES(17,0,"17-0.jpg");
INSERT INTO IMG (IMG_PRO_NO,IMG_TYPE,IMG_PATH) VALUES(17,1,"17-1.jpg");
INSERT INTO IMG (IMG_PRO_NO,IMG_TYPE,IMG_PATH) VALUES(17,2,"17-2.jpg");
INSERT INTO IMG (IMG_PRO_NO,IMG_TYPE,IMG_PATH) VALUES(17,3,"17-3.jpg");
INSERT INTO IMG (IMG_PRO_NO,IMG_TYPE,IMG_PATH) VALUES(18,0,"18-0.jpg");
INSERT INTO IMG (IMG_PRO_NO,IMG_TYPE,IMG_PATH) VALUES(18,1,"18-1.jpg");
INSERT INTO IMG (IMG_PRO_NO,IMG_TYPE,IMG_PATH) VALUES(18,2,"18-2.jpg");
INSERT INTO IMG (IMG_PRO_NO,IMG_TYPE,IMG_PATH) VALUES(18,3,"18-3.jpg");
INSERT INTO IMG (IMG_PRO_NO,IMG_TYPE,IMG_PATH) VALUES(19,0,"19-0.jpg");
INSERT INTO IMG (IMG_PRO_NO,IMG_TYPE,IMG_PATH) VALUES(19,1,"19-1.jpg");
INSERT INTO IMG (IMG_PRO_NO,IMG_TYPE,IMG_PATH) VALUES(19,2,"19-2.jpg");
INSERT INTO IMG (IMG_PRO_NO,IMG_TYPE,IMG_PATH) VALUES(19,3,"19-3.jpg");
INSERT INTO IMG (IMG_PRO_NO,IMG_TYPE,IMG_PATH) VALUES(20,0,"20-0.jpg");
INSERT INTO IMG (IMG_PRO_NO,IMG_TYPE,IMG_PATH) VALUES(20,1,"20-1.jpg");
INSERT INTO IMG (IMG_PRO_NO,IMG_TYPE,IMG_PATH) VALUES(20,2,"20-2.jpg");
INSERT INTO IMG (IMG_PRO_NO,IMG_TYPE,IMG_PATH) VALUES(20,3,"20-3.jpg");
INSERT INTO IMG (IMG_PRO_NO,IMG_TYPE,IMG_PATH) VALUES(21,0,"21-0.jpg");
INSERT INTO IMG (IMG_PRO_NO,IMG_TYPE,IMG_PATH) VALUES(21,1,"21-1.jpg");
INSERT INTO IMG (IMG_PRO_NO,IMG_TYPE,IMG_PATH) VALUES(21,2,"21-2.jpg");
INSERT INTO IMG (IMG_PRO_NO,IMG_TYPE,IMG_PATH) VALUES(21,3,"12-3.jpg");
INSERT INTO IMG (IMG_PRO_NO,IMG_TYPE,IMG_PATH) VALUES(22,0,"22-0.jpg");
INSERT INTO IMG (IMG_PRO_NO,IMG_TYPE,IMG_PATH) VALUES(22,1,"22-1.jpg");
INSERT INTO IMG (IMG_PRO_NO,IMG_TYPE,IMG_PATH) VALUES(22,2,"22-2.jpg");
INSERT INTO IMG (IMG_PRO_NO,IMG_TYPE,IMG_PATH) VALUES(22,3,"22-3.jpg");
INSERT INTO IMG (IMG_PRO_NO,IMG_TYPE,IMG_PATH) VALUES(23,0,"23-0.jpg");
INSERT INTO IMG (IMG_PRO_NO,IMG_TYPE,IMG_PATH) VALUES(23,1,"23-1.jpg");
INSERT INTO IMG (IMG_PRO_NO,IMG_TYPE,IMG_PATH) VALUES(23,2,"23-2.jpg");
INSERT INTO IMG (IMG_PRO_NO,IMG_TYPE,IMG_PATH) VALUES(23,3,"23-3.jpg");
INSERT INTO IMG (IMG_PRO_NO,IMG_TYPE,IMG_PATH) VALUES(24,0,"24-0.jpg");
INSERT INTO IMG (IMG_PRO_NO,IMG_TYPE,IMG_PATH) VALUES(24,1,"24-1.jpg");
INSERT INTO IMG (IMG_PRO_NO,IMG_TYPE,IMG_PATH) VALUES(24,2,"24-2.jpg");
INSERT INTO IMG (IMG_PRO_NO,IMG_TYPE,IMG_PATH) VALUES(24,3,"24-3.jpg");
INSERT INTO IMG (IMG_PRO_NO,IMG_TYPE,IMG_PATH) VALUES(25,0,"25-0.jpg");
INSERT INTO IMG (IMG_PRO_NO,IMG_TYPE,IMG_PATH) VALUES(25,1,"25-1.jpg");
INSERT INTO IMG (IMG_PRO_NO,IMG_TYPE,IMG_PATH) VALUES(25,2,"25-2.jpg");
INSERT INTO IMG (IMG_PRO_NO,IMG_TYPE,IMG_PATH) VALUES(25,3,"25-3.jpg");

select * from img;

create table FAQ(		
	FAQ_NO int not null primary key auto_increment,
	FAQ_Q varchar(2000),	
	FAQ_A varchar(2000)	
);	

INSERT INTO FAQ (faq_q,faq_a) values("1번 주로하는 질문입니다.","1번의 대한 대답입니다.");
INSERT INTO FAQ (faq_q,faq_a) values("2번 주로하는 질문입니다.","2번의 대한 대답입니다.");
INSERT INTO FAQ (faq_q,faq_a) values("3번 주로하는 질문입니다.","3번의 대한 대답입니다.");
INSERT INTO FAQ (faq_q,faq_a) values("4번 주로하는 질문입니다.","4번의 대한 대답입니다.");
INSERT INTO FAQ (faq_q,faq_a) values("5번 주로하는 질문입니다.","5번의 대한 대답입니다.");
INSERT INTO FAQ (faq_q,faq_a) values("6번 주로하는 질문입니다.","6번의 대한 대답입니다.");

select * from faq;